"Full_Address","latitude","longitude"
"101 KUHLMAN DR, CRYSTAL SPRINGS, MS 39059",31.988804,-90.35625
"8735 HAMILTON RD, SOUTHAVEN, MS 38671",34.9901452,-89.9991534
"70 INDUSTRIAL PARK ACCESS RD, COLUMBUS, MS 39701",33.4758899,-88.4391463
"103 LOWRY DR, BYHALIA, MS 38611",34.8707885,-89.6714919
"1995 AIR IND US TRIAL PARK RD, GRENADA, MS 38901",NA,NA
"1995 AIR INDUSTRIAL PARK RD, GRENADA, MS 38901",33.8242907,-89.7924296
"140 MATTHEWS DR, SENATOBIA, MS 38668",34.6131092,-89.9902155
"108 LIPFORD AVE, TUPELO, MS 38801",NA,NA
"1080 FENDER TRL NE, BROOKHAVEN, MS 39601",31.6082534,-90.4179871
"217 ANDREW JACKSON CIR, STAR, MS 39167",32.0990187,-90.0506611
"1226 RIALTO RD, YAZOO CITY, MS 39194",32.8397063,-90.4369697
"1226 RIALTO RD -, YAZOO CITY, MS 39194",32.8397063,-90.4369697
"11470 SARACENNIA RD, MOSS POINT, MS 39562",30.4610958,-88.5239186
"10646 HIGHWAY 51, OAKLAND, MS 38948",NA,NA
"4374 NASHVILLE FERRY RD E, COLUMBUS, MS 39702",33.472998,-88.3984625
"30 NEIL GUNN DR, ELLISVILLE, MS 39437",NA,NA
"3303 PORT & HARBOR DR, BAY SAINT LOUIS, MS 39520",NA,NA
"101 ALUMA-FORM WAY, WALNUT, MS 38683",NA,NA
"14373 SEAWAY RD, GULFPORT, MS 39503",30.4336453,-89.0810467
"RT 1 SUNFLOWER RD, ITTA BENA, MS 38941",33.498886,-90.324744
"274 EVANSTON RD, LUCEDALE, MS 39452",30.9152738,-88.555563
"220 65TH AVE, MERIDIAN, MS 39304",32.356043,-88.744458
"631 HAWKES RD, LAUREL, MS 39443",31.7291217,-89.1028497
"525 WAYNE DRIVE, LAUREL, MS 39440",NA,NA
"GEORGIA-PACIFIC NO 1 ST, GLOSTER, MS 39638",31.1871791,-91.0288301
"1725 NORTH WASHINGTON STREET, VICKSBURG, MS 39183",32.3757381,-90.8707746
"2559 HARBOR FRONT RD, GREENVILLE, MS 38701",NA,NA
"2902 METER RD, JACKSON, MS 39212",32.267166,-90.206129
"2785 SELLERS DR, MERIDIAN, MS 39301",NA,NA
"98 PEARCE RD, MOUNT OLIVE, MS 39119",31.751456,-89.658738
"462 LAKE NORRIS RD, COLUMBUS, MS 39701",33.4789581,-88.4140037
"2700 HIGHWAY 72 E, GLEN, MS 38846",34.8604872,-88.403839
"459 S EASON BLVD, TUPELO, MS 38804",34.2450455,-88.6616444
"925 INDUS TRIAL PARK RD -, BROOKHAVEN, MS 39601",NA,NA
"925 IND US TRIAL PARK RD, BROOKHAVEN, MS 39601",NA,NA
"10800 MARINA DR, OLIVE BRANCH, MS 38654",34.9865156,-89.806788
"10800 MARINA DR -, OLIVE BRANCH, MS 38654",34.9865156,-89.806788
"1085 HWY 80 W, JACKSON, MS 39204",32.2854751,-90.202057
"1735 N WASHINGTON ST, VICKSBURG, MS 39183",32.3757711,-90.8707573
"2322 VALLEY RD, MERIDIAN, MS 39307",32.3399395,-88.7273025
"100 TAB WAY, GUNTOWN, MS 38849",NA,NA
"150 CRUTCHERROAD, ROSEDALE, MS 38769",NA,NA
"150 RUSSELL CRUTCHER RD, ROSEDALE, MS 38769",NA,NA
"20043 HWY 51, HAZLEHURST, MS 39083",NA,NA
"20043 HWY 51 -, HAZLEHURST, MS 39083",NA,NA
"210 IND US TRIAL DR N, MADISON, MS 39110",NA,NA
"210 IND US TRIAL DR N -, MADISON, MS 39110",NA,NA
"715 HWY 25 S, ABERDEEN, MS 39730",NA,NA
"10068 SUMMIT DR, PRAIRIE, MS 39756",NA,NA
"10068 SUMMIT DR -, PRAIRIE, MS 39756",NA,NA
"1801 FULTON DR, CORINTH, MS 38834",34.916242,-88.523321
"2361 ATTALA RD 2202, KOSCIUSKO, MS 39090",NA,NA
"106 AZTEC DR, RICHLAND, MS 39218",32.2213944,-90.1627912
"4212 DUTCH BAYOU RD, MOSS POINT, MS 39563",30.4317944,-88.5403859
"925 INDUSTRIAL PARK RD NE, BROOKHAVEN, MS 39601",31.5994541,-90.4400735
"2724 S HARPER RD, CORINTH, MS 38834",34.9089136,-88.5361308
"2724 S HARPER RD -, CORINTH, MS 38834",34.9089136,-88.5361308
"2304 UNIVERSITY AVE, OXFORD, MS 38655",34.3604254,-89.4969468
"2304 UNIVERSITY AVE -, OXFORD, MS 38655",34.3604254,-89.4969468
"465 COUNTY ROAD 101, OXFORD, MS 38655",NA,NA
"CR-101, OXFORD, MS 38655",34.33085,-89.52055
"130 N IND US TRIAL RD, TUPELO, MS 38801",NA,NA
"130 N IND US TRIAL RD -, TUPELO, MS 38801",NA,NA
"5500 ALLEN ROAD, OCEAN SPRINGS, MS 39565",NA,NA
"5500 ALLEN ROAD -, OCEAN SPRINGS, MS 39565",NA,NA
"13218 HWY 28 WEST, TAYLORSVILLE, MS 39168",NA,NA
"13136 HWY 28 West, TAYLORSVILLE, MS 39168",NA,NA
"1633 S 1ST ST, WIGGINS, MS 39577",30.833612,-89.1274692
"310 CROWN RD, BATESVILLE, MS 38606",NA,NA
"911 N DAVIS AVE, CLEVELAND, MS 38732",33.7649329,-90.7185385
"1601 PAUL EDMONDSON DR, IUKA, MS 38852",NA,NA
"1601 PAUL EDMONDSON ROAD, IUKA, MS 38852",NA,NA
"30 RED BAY RD, GOLDEN, MS 38847",34.4895991,-88.1822765
"16708 HIGHWAY 67, BILOXI, MS 39531",30.4684243,-88.9267946
"14312 CREOSOTE RD, GULFPORT, MS 39503",30.4294869,-89.0797278
"14312 CREOSOTE RD -, GULFPORT, MS 39503",30.4294869,-89.0797278
"3935 HIGHWAY 57, OCEAN SPRINGS, MS 39564",30.4001419,-88.7217676
"5509 IND US TRIAL BLVD, PASCAGOULA, MS 39568",NA,NA
"5509 IND US TRIAL BLVD -, PASCAGOULA, MS 39568",NA,NA
"331 COLISEUM DR, NEWTON, MS 39345",NA,NA
"625 SAWYER RD, WINONA, MS 38967",33.5252867,-89.7247298
"16310 HWY 15 N, RIPLEY, MS 38663",NA,NA
"951 PRISOCK RD, BYRAM, MS 39272",32.1699916,-90.2581368
"951 PRISOCK RD, JACKSON, MS 39272",NA,NA
"601 BAYOU CASOTTE PKWY, PASCAGOULA, MS 39581",30.3662075,-88.5092829
"900 BAYOU CASOTTE PARKWAY, PASCAGOULA, MS 39581",30.3662075,-88.5092829
"911 FRONT ST S, LAUREL, MS 39443",NA,NA
"600 HWY 32 E, WATER VALLEY, MS 38965",NA,NA
"10136 MAGNOLIA DR, OLIVE BRANCH, MS 38654",34.9550528,-89.8075974
"50 MIDLAND ROAD, SCOOBA, MS 39358",NA,NA
"21 MORAN RD, NATCHEZ, MS 39120",NA,NA
"149 AUBURN DR SW, BOGUE CHITTO, MS 39629",NA,NA
"1600 EDWARDS ST, HATTIESBURG, MS 39401",31.3016045,-89.284795
"13121 WEBRE RD, BAY SAINT LOUIS, MS 39520",NA,NA
"13121 WEBRE RD -, BAY SAINT LOUIS, MS 39520",NA,NA
"13121 WEBRE ROAD, BAY ST. LOUIS, MS 39520",NA,NA
"500 LETOURNEAU RD, VICKSBURG, MS 39180",NA,NA
"7100 HIGHWAY 178 WEST, BYHALIA, MS 38611",NA,NA
"1201 SCOTT ST, SENATOBIA, MS 38668",34.6085901,-89.9553361
"184 LIPFORD RD, VERONA, MS 38879",NA,NA
"1513 NORTH MAGNOLIA DRIVE, WIGGINS, MS 39577",30.8789419,-89.1606476
"36 COUNTY RD 166, OXFORD, MS 38655",NA,NA
"100 CATERPILLAR DR, BOONEVILLE, MS 38829",NA,NA
"501 CARDINAL DR, CORINTH, MS 38834",34.9145023,-88.5297177
"501 CARDINAL DR -, CORINTH, MS 38834",34.9145023,-88.5297177
"4554 STATE HWY 12 E, BELZONI, MS 39038",NA,NA
"700 HWY 33 S, CENTREVILLE, MS 39631",NA,NA
"4608 HIGHWAY 49 E, YAZOO CITY, MS 39194",NA,NA
"MS-19 N, MERIDIAN, MS 39301",32.363778,-88.6657234
"3870 HWY 84 E, LAUREL, MS 39443",NA,NA
"7685 KILN DELISLE RD, PASS CHRISTIAN, MS 39571",NA,NA
"1250 N FIRST ST, BROOKHAVEN, MS 39601",NA,NA
"250 IND US TRIAL RD, PASCAGOULA, MS 39581",NA,NA
"250 INDUSTRIAL RD, PASCAGOULA, MS 39581",30.3551524,-88.4932811
"2391 PENSACOLA RD, ACKERMAN, MS 39735",NA,NA
"260 HIGHWAY 35 NORTH, BATESVILLE, MS 38606",NA,NA
"540 S INDUSTRIAL PARK RD, HOLLY SPRINGS, MS 38635",34.7570945,-89.4339003
"219 DAVID WORK DRIVE, ROSEDALE, MS 38769",NA,NA
"219 TERMINAL RD, ROSEDALE, MS 38769",NA,NA
"4429 HIGHWAY 84, WAYNESBORO, MS 39367",NA,NA
"20 HILLCREST LANE, COLUMBIA, MS 39429",NA,NA
"114 BRICKYARD RD, COLUMBUS, MS 39701",33.5163969,-88.4153599
"4335 CARSON RD, COLUMBUS, MS 39701",NA,NA
"4335 CARSON RD, COLUMBUS, MS 39703",NA,NA
"4335 CARSON RD -, COLUMBUS, MS 39703",NA,NA
"1949 AIRPORT RD, COLUMBUS, MS 39701",NA,NA
"9 INDUSTRIAL ROAD, BELMONT, MS 38827",34.4885012,-88.2068477
"S CITY LIMITS RD, ISOLA, MS 38754",NA,NA
"S CITY LIMITS RD -, ISOLA, MS 38754",NA,NA
"299 SOUTH ST, ISOLA, MS 38754",33.2562327,-90.5893541
"3000 CONTINENTAL PARKWAY, CLINTON, MS 39056",NA,NA
"5035 HWY 61 S, VICKSBURG, MS 39180",NA,NA
"100 MILL RD, JONESTOWN, MS 38639",34.3209373,-90.4593449
"100 MILL STREET, JONESTOWN, MS 38639",NA,NA
"1900 1/2 ROSA STREET, PICAYUNE, MS 39466",30.5213127,-89.69267
"600 3RD AVE, HOUSTON, MS 38851",33.9082153,-89.0076725
"600 3RD AVE -, HOUSTON, MS 38851",33.9082153,-89.0076725
"10043 SOUTHPARK DR, GULFPORT, MS 39503",30.4298645,-89.0350192
"195 CROWN RD, BATESVILLE, MS 38606",NA,NA
"1299 PRISOCK RD, JACKSON, MS 39272",NA,NA
"5935 HIGHWAY 493, DE KALB, MS 39328",NA,NA
"5835 HIGHWAY 493, DE KALB, MS 39328",NA,NA
"219 LANDRUM RD, DURANT, MS 39063",NA,NA
"219 LANDRUM RD -, DURANT, MS 39063",NA,NA
"823 HIGHWAY 15 NORTH, NEW ALBANY, MS 38652",NA,NA
"3262 INDUSTRIAL ROAD, HERNANDO, MS 38632",NA,NA
"CHARLIE D FORD JR DR, COLUMBUS, MS 39701",NA,NA
"139 EVANSTON ROAD, LUCEDALE, MS 39452",30.914037,-88.555634
"941 S MAGNOLIA DR, WIGGINS, MS 39577",30.8445771,-89.1368396
"1095 INDUSTIRAL DRIVE, HAZLEHURST, MS 39083",NA,NA
"1096 MENDELL DAVIS DR, JACKSON, MS 39272",NA,NA
"TUNICA INDUSTRIAL PARK, TUNICA, MS 38676",NA,NA
"6699 I 55 SOUTH, BYRAM, MS 39272",NA,NA
"2399 MUNSFORD DR, NEW ALBANY, MS 38652",34.5099124,-89.0392781
"6699 INTERSTATE 55 SOUTH FRONTAGE ROAD, BYRAM, MS 39272",NA,NA
"7685 KILN DELISLE RD, PASS CHRISTIAN, MS 395710430",NA,NA
"14877 HIGHWAY 45 SOUTH BYPASS, MACON, MS 39341",NA,NA
"88 ARMORY RD, VICKSBURG, MS 39183",NA,NA
"200 COUNTY ROAD 565, RIPLEY, MS 38663",NA,NA
"212 CDF BLVD, SHANNON, MS 38801",NA,NA
"212 CDF BLVD., VERONA, MS 38801",NA,NA
"21 MORAN RD., NATCHEZ, MS 39120",NA,NA
"6800 STENNIS BOULEVARD, MOSS POINT, MS 39562",NA,NA
"35 CR 370, IUKA, MS 38852",NA,NA
"1833 HAINING RD., VICKSBURG, MS 39180",32.3800456,-90.8685045
"2611 HAINING RD, VICKSBURG, MS 39183",32.387815,-90.9075937
"TRI STATE COMMERCE PARK 751 CR 989 BUILDING 1026, IUKA, MS 38852",NA,NA
"9098 EASTSIDE DR EXT., NEWTON, MS 39345",NA,NA
"334 AVE A AIRBASE, LAUREL, MS 39440",NA,NA
"334 AVE A AIRBASE -, LAUREL, MS 39440",NA,NA
"7046 STATE LINE RD, OLIVE BRANCH, MS 38654",34.9913202,-89.8661805
"2015 W RIVER RD, GREENWOOD, MS 38930",NA,NA
"2015 W RIVER RD -, GREENWOOD, MS 38930",NA,NA
"239 69TH AVE, MERIDIAN, MS 39307",32.3587447,-88.7493734
"2225 HALEY BARBOUR PKWY, YAZOO CITY, MS 39194",32.8881922,-90.43226
"1001 IND US TRIAL RD, PASCAGOULA, MS 39581",NA,NA
"2910 COUNTY RD 501, RIPLEY, MS 38663",NA,NA
"212 IND US TRIAL PARK RD -, STARKVILLE, MS 39759",NA,NA
"1242 LANGLEY AVENUE, JACKSON, MS 39204",32.2862807,-90.195785
"2377 HOLSTON ROAD, COMO, MS 38619",NA,NA
"2377 HOLSTON ROAD -, COMO, MS 38619",NA,NA
"6934 HWY 49 N, HATTIESBURG, MS 39402",NA,NA
"6934 HWY 49 N -, HATTIESBURG, MS 39402",NA,NA
"2840 W NORTHSIDE DR, JACKSON, MS 39213",32.3558988,-90.2208642
"2840 W NORTHSIDE DR -, JACKSON, MS 39213",32.3558988,-90.2208642
"1650 JOHN STREET EXT, PRENTISS, MS 39474",NA,NA
"3975 BUFFALO RD, WOODVILLE, MS 39669",NA,NA
"4554 STATE HWY 12 E -, BELZONI, MS 39038",NA,NA
"1665 S VETERANS BLVD, TUPELO, MS 38804",34.2325409,-88.6848502
"154 LIPFORD RD, VERONA, MS 38879",NA,NA
"154 LIPFORD RD -, VERONA, MS 38879",NA,NA
"976 HWY 45, BALDWYN, MS 38824",NA,NA
"1124 N 2ND ST, BALDWYN, MS 38824",34.5270062,-88.6294002
"485 INDUSTRIAL DR, COLDWATER, MS 38618",NA,NA
"540 FORD AVE, JACKSON, MS 39209",32.3315238,-90.2343477
"540 FORD AVE -, JACKSON, MS 39209",32.3315238,-90.2343477
"112 BRYAN BOULEVARD, SHANNON, MS 38868",NA,NA
"112 BRYAN BLVD, SHANNON, MS 38868",NA,NA
"112 BRYAN BLVD, TUPELO, MS 38868",NA,NA
"157 BUCK CREEK RD, NEW AUGUSTA, MS 39462",NA,NA
"71 GEORGIA PACIFIC RD, BAY SPRINGS, MS 39422",31.958055,-89.2808958
"SANDIFER HWY 5 MILES N OF MONTICELLO, MONTICELLO, MS 39654",NA,NA
"SANDIFER HWY 5 MILES N OF MONTICELLO -, MONTICELLO, MS 39654",NA,NA
"604 NA SANDIFER HWY, MONTICELLO, MS 39654",NA,NA
"105 SCR 25, TAYLORSVILLE, MS 39168",NA,NA
"700 W RAILROAD AVE, GLOSTER, MS 39638",31.192715,-91.0265294
"1947 AIRPORT ROAD, COLUMBUS, MS 39701",NA,NA
"111 BOYCE ST, BROOKHAVEN, MS 39601",31.597862,-90.4352445
"415 PERSHING AVE, INDIANOLA, MS 38751",33.4470108,-90.645408
"415 PERSHING AVE -, INDIANOLA, MS 38751",33.4470108,-90.645408
"12351 GLASCOCK DR, GULFPORT, MS 39503",30.4284171,-89.0436235
"101 AIRPORT RD, STARKVILLE, MS 39759",33.445354,-88.84531
"10121 SOUTHPARK DR, GULFPORT, MS 39503",30.4315839,-89.0349067
"10121 SOUTHPARK DR -, GULFPORT, MS 39503",30.4315839,-89.0349067
"12010 HIGHWAY 603, BAY SAINT LOUIS, MS 39520",NA,NA
"15881 HWY 4 E, RIPLEY, MS 38663",NA,NA
"496 NAT G TROUTT RD, ELLIOTT, MS 38926",33.6914228,-89.7433346
"4280 RIFLE RANGE RD, VICKSBURG, MS 39180",32.3042302,-90.901228
"115 OLD HIGHWAY 11, LUMBERTON, MS 39455",31.0102938,-89.429432
"8601 HACKS CROSS RD, OLIVE BRANCH, MS 38654",34.9870998,-89.7953888
"10115 LORRAINE RD, GULFPORT, MS 39503",30.4402064,-89.0309497
"55001 U.S. HWY 82 W, ITTA BENA, MS 38941",NA,NA
"301 INDUSTRIAL PARK RD, BOONEVILLE, MS 38829",34.673895,-88.550194
"301 INDUSTRIAL PARK RD -, BOONEVILLE, MS 38829",34.673895,-88.550194
"11110 AIRPORT RD, OLIVE BRANCH, MS 38654",34.9798942,-89.7936234
"3301 ADAMS FARM ROAD, BELDEN, MS 38826",NA,NA
"1002 HUNT STREET, PICAYUNE, MS 39466",30.5170408,-89.6851472
"627 HOOD RD, HATTIESBURG, MS 39401",31.284791,-89.2627967
"420 E OAK ST -, FOREST, MS 39074",32.3605808,-89.4717417
"8 COMMERCE DR, BAY SPRINGS, MS 39422",32.0121666,-89.2862809
"105 HOMAN RD, FULTON, MS 38843",NA,NA
"105 HOMAN RD -, FULTON, MS 38843",NA,NA
"1945 S FIRST ST, WIGGINS, MS 39577",NA,NA
"1945 S FIRST ST -, WIGGINS, MS 39577",NA,NA
"224 DELTA PINE RD, BEAUMONT, MS 39423",31.1780083,-88.9222605
"915 INDUSTRIAL PARK RD, WAYNESBORO, MS 39367",31.6534122,-88.6343828
"HWY 43 N, SILVER CREEK, MS 39663",31.6049065,-90.0076604
"1520 HWY 11 N, ELLISVILLE, MS 39437",NA,NA
"1520 HWY 11 N -, ELLISVILLE, MS 39437",NA,NA
"580 EASTVIEW DR, SANDERSVILLE, MS 39443",NA,NA
"580 EASTVIEW DR -, SANDERSVILLE, MS 39443",NA,NA
"3225 PENDORF RD, LAUREL, MS 39441",NA,NA
"3225 PENDORF RD -, LAUREL, MS 39441",NA,NA
"HWY 11 N, SANDERSVILLE, MS 39477",31.8069142,-89.0107381
"222 LANEY RD, SHANNON, MS 38868",NA,NA
"122 SOUTH ST, SHANNON, MS 38868",34.1154892,-88.7113707
"415 DEVAUGHN RD, MANTACHIE, MS 38855",34.3173807,-88.5046916
"1 BAUHAUS DR, SALTILLO, MS 38866",34.3652744,-88.7043787
"781 COUNTY ROAD 549, RIPLEY, MS 38663",NA,NA
"781 CR-549, RIPLEY, MS 38663",NA,NA
"340 LITTLEFIELD ST, PONTOTOC, MS 38863",34.2680617,-89.0109705
"1000 JERRY ST PE` HWY, PASCAGOULA, MS 39568",30.350231,-88.577822
"1124 N 2ND ST -, BALDWYN, MS 38824",34.5270062,-88.6294002
"71 GEORGIA PACIFIC ROAD, BAY SPRINGS, MS 39422",31.958055,-89.2808958
"11042 WILDWOOD DR, OLIVE BRANCH, MS 38654",34.9918429,-89.7948995
"3737 HWY 3 N, REDWOOD, MS 39156",NA,NA
"3737 HWY 3 N -, REDWOOD, MS 39156",NA,NA
"1110 BANKHEAD AVE, AMORY, MS 38821",33.9853353,-88.4804403
"10420 DESOTO RD, OLIVE BRANCH, MS 38654",34.976942,-89.805946
"1730 HIGHWAY 80, VICKSBURG, MS 39180",NA,NA
"109 TYLER DR, CANTON, MS 39046",NA,NA
"109 TYLER DR -, CANTON, MS 39046",NA,NA
"W FRONTAGE RD I-55 S, BYRAM, MS 39272",NA,NA
"W FRONTAGE RD I-55 S -, BYRAM, MS 39272",NA,NA
"501 E MARK DR, BRANDON, MS 39042",32.2766026,-90.0037216
"501 E MARK DR -, BRANDON, MS 39042",32.2766026,-90.0037216
"224 R US SELL DR, WAYNESBORO, MS 39367",NA,NA
"306 EASTMAN, GREENWOOD, MS 38930",33.4978483,-90.2007977
"77 ACADEMY DR, HATTIESBURG, MS 39401",31.2730614,-89.2580387
"17425 OKAHOMA ST, COFFEEVILLE, MS 38922",NA,NA
"435 CHURCH ROAD, MADISON, MS 39110",32.5316735,-90.0912715
"10930 DARRACOTT RD, ABERDEEN, MS 39730",33.803395,-88.5424581
"2387 HWY 72 E, GLEN, MS 38846",34.8748328,-88.4349556
"4404 N CHURCH AVE, LOUISVILLE, MS 39339",33.1442006,-89.0755588
"720 N CHURCH AVE, LOUISVILLE, MS 39339",33.1442006,-89.0755588
"278 HERRING RD, MORTON, MS 39117",32.3582345,-89.6101573
"108 MORRIS TULLOS DR, MORTON, MS 39117",32.3545871,-89.6535015
"108 MORRIS TULLOS DR -, MORTON, MS 39117",32.3545871,-89.6535015
"921 S MAIN ST, FOREST, MS 39074",32.3526249,-89.4736328
"182 JOHN MERL TATUM INDUSTRIAL DR, HATTIESBURG, MS 39401",NA,NA
"182 JOHN MERL TATUM INDUSTRIAL DR -, HATTIESBURG, MS 39401",NA,NA
"WL RUNNELS INDUSTRIAL DR, HATTIESBURG, MS 39401",NA,NA
"820 HIGHWAY 7 N, HOLLY SPRINGS, MS 38635",NA,NA
"9482 EASTSIDE DRIVE EXTENTION, NEWTON, MS 39345",NA,NA
"9482 EASTSIDE DRIVE EXTENTION -, NEWTON, MS 39345",NA,NA
"137 BUCK CREEK ROAD, NEW AUGUSTA, MS 39462",NA,NA
"504 WATERWAY DRIVE, AMORY, MS 38821",33.9966249,-88.5043568
"100 LEXINGTON CIR, LEXINGTON, MS 39095",NA,NA
"414 COUNTY FARM LANE, BROOKHAVEN, MS 39601",31.561044,-90.4101278
"414 COUNTY FARM LANE -, BROOKHAVEN, MS 39601",31.561044,-90.4101278
"159 ANDREW CHAPEL RD, BRANDON, MS 39042",NA,NA
"166 EASTPORT ST, BURNSVILLE, MS 38833",34.828686,-88.3205692
"1000 HEATCRAFT DR, GRENADA, MS 38901",33.8221558,-89.7944407
"3984 HWY 51 S, GRENADA, MS 38901",NA,NA
"201 MARSHALL DURBIN DR, WAYNESBORO, MS 39367",31.6473136,-88.6284825
"1301 JAMES ST, HATTIESBURG, MS 39401",31.303047,-89.276872
"1301 JAMES ST -, HATTIESBURG, MS 39401",31.303047,-89.276872
"1001 S FOURTH AVE, LAUREL, MS 39440",NA,NA
"908 HWY 15, NORTH, NEW ALBANY, MS 38652",NA,NA
"13569 HWY 45, SCOOBA, MS 39358",NA,NA
"951 PRISOCK RD -, JACKSON, MS 39272",NA,NA
"795 SAM T BARKLEY DR, NEW ALBANY, MS 38652",34.518549,-89.0082768
"201 APACHE DR., JACKSON, MS 39272",NA,NA
"101 65TH AVE, MERIDIAN, MS 39307",32.355535,-88.744649
"1115 C ST, MERIDIAN, MS 39301",32.3647367,-88.6882725
"1003 SYCAMORE ST, GREENWOOD, MS 38930",NA,NA
"4355 MILWAUKEE ST, JACKSON, MS 39209",32.3375521,-90.2434096
"4355 MILWAUKEE ST -, JACKSON, MS 39209",32.3375521,-90.2434096
"601 HWY 611, PASCAGOULA, MS 39581",NA,NA
"2733 S HARPER RD, CORINTH, MS 38834",34.9097615,-88.505564
"13201 HWY 63 N, MOSS POINT, MS 39562",NA,NA
"356 LANGSTON CIR, COLUMBUS, MS 39701",NA,NA
"80 COUNTY ROAD 210, BURNSVILLE, MS 38833",NA,NA
"3000 W 7TH ST, HATTIESBURG, MS 39401",31.3356422,-89.3351737
"5509 INDUSTRIAL RD, PASCAGOULA, MS 39581",30.3859849,-88.5026763
"449 HWY 51 N, BATESVILLE, MS 38606",NA,NA
"449 HWY 51 N -, BATESVILLE, MS 38606",NA,NA
"306 E STONEWALL RD, BYHALIA, MS 38611",34.8600699,-89.7067192
"106 WALKER ST, CLEVELAND, MS 38732",33.7504788,-90.7222822
"8477 HIGHWAY 51 N, COLDWATER, MS 38618",NA,NA
"8477 HIGHWAY 51 N -, COLDWATER, MS 38618",NA,NA
"123 EAST ELTON ROAD, JACKSON, MS 39212",NA,NA
"13522 HIGHWAY 80, FOREST, MS 39074",NA,NA
"2161 HWY 51 N, MADISON, MS 39110",32.3996659,-90.1429818
"1117 S RACEWAY RD, GREENVILLE, MS 38703",33.3813471,-91.0062016
"1117 S RACEWAY RD -, GREENVILLE, MS 38703",33.3813471,-91.0062016
"136 SWEETHOME RD, GRENADA, MS 38901",33.7231732,-89.8945915
"1920 BYRON ST, HATTIESBURG, MS 39402",31.3029291,-89.3186488
"1920 BYRON ST -, HATTIESBURG, MS 39402",31.3029291,-89.3186488
"1955 NAIL RD W, HORN LAKE, MS 38637",NA,NA
"1955 NAIL RD W -, HORN LAKE, MS 38637",NA,NA
"1401 FOREST AVE, JACKSON, MS 39213",32.3705052,-90.1998927
"5361 HIGHWAY 11 NORTH, ELLISVILLE, MS 39437",NA,NA
"906 SOUTH LOCUST STREET, MCCOMB, MS 39648",31.235482,-90.4389306
"5324 ARUNDEL ROAD, MERIDIAN, MS 39307",32.350603,-88.7322686
"5324 ARUNDEL ROAD -, MERIDIAN, MS 39307",32.350603,-88.7322686
"30 FELTUS ST, NATCHEZ, MS 39120",31.5450911,-91.365552
"735 NESBIT RD, NESBIT, MS 38651",34.8821967,-90.0026626
"695 HIGHWAY 30 EAST, OXFORD, MS 38655",34.3851456,-89.4986799
"133 NEW RAGSDALE ROAD, MADISON, MS 39110",32.553931,-90.0826785
"2196 HIGHWAY 471, BRANDON, MS 39047",32.3338745,-89.9769083
"977 EUCLATUBBA ROAD, SALTILLO, MS 38866",NA,NA
"217 INDUSTRIAL PARK RD, STARKVILLE, MS 39759",33.448675,-88.8366517
"4450 RIFLE RANGE RD, VICKSBURG, MS 39180",32.2983347,-90.8988991
"1313 GREEN T RD E, HERNANDO, MS 38632",34.8604312,-89.9668531
"3984 HWY 51 S -, GRENADA, MS 38901",NA,NA
"27 CR 342, IUKA, MS 38852",NA,NA
"5484 HWY 145 S, VERONA, MS 38879",NA,NA
"404 MUELLER RD, FULTON, MS 38843",34.249716,-88.4105242
"404 MUELLER RD -, FULTON, MS 38843",34.249716,-88.4105242
"1033 S SPRINGS ST EXTENSION, FULTON, MS 38843",NA,NA
"1033 S SPRINGS ST EXTENSION -, FULTON, MS 38843",NA,NA
"3870 HWY 84 E -, LAUREL, MS 39443",NA,NA
"500 WATERWAY DR, AMORY, MS 38821",33.9948269,-88.5028337
"500 WATERWAY DR -, AMORY, MS 38821",33.9948269,-88.5028337
"7572 HIGHWAY 49 N, HATTIESBURG, MS 39402",NA,NA
"300 NISSAN DR, CANTON, MS 39046",NA,NA
"720 VAIDEN DR, HERNANDO, MS 38632",34.8154999,-89.9745193
"1194 HWY 145, GUNTOWN, MS 38849",NA,NA
"11167 PATTISON HERMANVILLE RD, HERMANVILLE, MS 39086",NA,NA
"11167 PATTISON HERMANVILLE RD -, HERMANVILLE, MS 39086",NA,NA
"211 INDUSTRIAL DR, MADISON, MS 39110",32.4235241,-90.1415355
"211 INDUSTRIAL DR -, MADISON, MS 39110",32.4235241,-90.1415355
"3630 FOURTH ST, FLOWOOD, MS 39232",32.3121595,-90.1342018
"1927 N THEOBALD ST, GREENVILLE, MS 38703",33.4301866,-91.0345039
"6604 OLD HWY 80W, MERIDIAN, MS 39307",NA,NA
"100 CHESTNUT ST, PACHUTA, MS 39347",32.042831,-88.882002
"800 ODOM INDUSTRIES RD, WAYNESBORO, MS 39367",NA,NA
"157 HIGHWAY 48 W, TYLERTOWN, MS 39667",NA,NA
"411 COUNTY RD 101, OXFORD, MS 38655",NA,NA
"5735 ELDER FERRY RD, MOSS POINT, MS 39563",30.4241804,-88.5147499
"808 12TH STREET, GREENWOOD, MS 38930",33.517022,-90.2047478
"147 W HOY RD, MADISON, MS 39110",32.4650005,-90.1119436
"805 WEST ST, HOLLY SPRINGS, MS 38635",34.7918344,-89.4411686
"364 STAFFORD BLVD, PONTOTOC, MS 38863",34.267108,-89.017171
"16 INDUSTRIAL RD - BUILDING #19, BELMONT, MS 38827",NA,NA
"111 DUNCAN RD, BELMONT, MS 38827",34.5057463,-88.1877036
"111 DUNCAN RD, GOLDEN, MS 38847",NA,NA
"26 INDUSTRIAL DRIVE ACCESS ROAD, BURNSVILLE, MS 38833",NA,NA
"3653 HWY 15 N, BAY SPRINGS, MS 39422",NA,NA
"MISSISSIPPI HWY 19 N INDUSTRIAL PARK, PHILADELPHIA, MS 39350",NA,NA
"1039 W FULTON ST, CANTON, MS 39046",32.6095632,-90.0579409
"1039 W FULTON ST -, CANTON, MS 39046",32.6095632,-90.0579409
"559 WEST MAIN ST, BROOKSVILLE, MS 39739",33.2345577,-88.5866119
"HWY 21 S, SEBASTOPOL, MS 39359",32.5640467,-89.3258802
"3653 HWY 15 N -, BAY SPRINGS, MS 39422",NA,NA
"95 COMMERCE DR INDUSTRIAL PARK, BAY SPRINGS, MS 39422",NA,NA
"95 COMMERCE DR INDUSTRIAL PARK -, BAY SPRINGS, MS 39422",NA,NA
"559 WEST MAIN ST -, BROOKSVILLE, MS 39739",33.2345577,-88.5866119
"4806 PONDEROSA RD, LAKE, MS 39092",NA,NA
"4806 PONDEROSA RD -, LAKE, MS 39092",NA,NA
"MISSISSIPPI HWY 19 N INDUSTRIAL PARK -, PHILADELPHIA, MS 39350",NA,NA
"OLD HWY 45 N, MACON, MS 39341",NA,NA
"2098 GLENDALE AVENUE, HATTIESBURG, MS 39401",31.3465192,-89.3063404
"10500 HIGH POINT RD, OLIVE BRANCH, MS 38654",34.9830989,-89.8031547
"917 PLATTE RD, GREENVILLE, MS 38704",NA,NA
"917 PLATTE RD -, GREENVILLE, MS 38704",NA,NA
"212 INDUSTRIAL PARK RD, EUPORA, MS 39744",33.5338458,-89.2823223
"212 INDUSTRIAL PARK RD -, EUPORA, MS 39744",33.5338458,-89.2823223
"3080 PORT & HARBOR DR, PEARLINGTON, MS 39572",NA,NA
"260 INDUSTRIAL DRIVE, PONTOTOC, MS 38863",34.2618869,-89.0108936
"HWY 15 N, RICHTON, MS 39476",NA,NA
"205 FLOYCE ST, RULEVILLE, MS 38771",33.7269273,-90.5536068
"2805 METER RD, JACKSON, MS 39204",32.2681408,-90.2062644
"2805 METER RD -, JACKSON, MS 39204",32.2681408,-90.2062644
"1095 MENDELL DAVIS DR, JACKSON, MS 39272",NA,NA
"16-4 INDUSTRIAL ROAD, BELMONT, MS 38827",34.4883806,-88.2043186
"1961 AIRPORT RD MS-9, COLUMBUS, MS 39701",NA,NA
"1961 AIRPORT RD MS-9 -, COLUMBUS, MS 39701",NA,NA
"4639 MEDGAR EVERS BLVD, JACKSON, MS 39213",32.3552248,-90.2309099
"4639 MEDGAR EVERS BLVD -, JACKSON, MS 39213",32.3552248,-90.2309099
"1042 MISSISSIPPI HWY 3, SUNFLOWER, MS 38778",NA,NA
"1042 MISSISSIPPI HWY 3 -, SUNFLOWER, MS 38778",NA,NA
"110 ACCESS RD, FULTON, MS 38843",34.2449703,-88.4118332
"165 CONCOURSE DR, PEARL, MS 39208",32.2810016,-90.0656267
"2914 US HIGHWAY 61, CLEVELAND, MS 38732",NA,NA
"2914 US HIGHWAY 61 -, CLEVELAND, MS 38732",NA,NA
"178 HUEY STOCKSTILL RD, PICAYUNE, MS 39466",NA,NA
"304 OLD OKAHOLA SCHOOLHO US E RD, PURVIS, MS 39475",NA,NA
"863 OLD RICHBURG RD, PURVIS, MS 39475",31.1807661,-89.3859481
"863 OLD RICHBURG RD -, PURVIS, MS 39475",31.1807661,-89.3859481
"19859 HWY 80, FOREST, MS 39074",NA,NA
"19859 HWY 80 -, FOREST, MS 39074",NA,NA
"182 J M TATUM INDUSTRIAL DR, HATTIESBURG, MS 39401",31.2666289,-89.2711867
"1141 RYDER ST, TUPELO, MS 38804",34.2346238,-88.6923636
"1141 RYDER ST -, TUPELO, MS 38804",34.2346238,-88.6923636
"102 DIXIE PINE RD, HATTIESBURG, MS 39401",31.2956337,-89.2797625
"102 DIXIE PINE RD -, HATTIESBURG, MS 39401",31.2956337,-89.2797625
"1000 PAPERMILL RD, GRENADA, MS 38901",NA,NA
"810 W L BEHAN RD, BROOKHAVEN, MS 39601",NA,NA
"810 W L BEHAN RD -, BROOKHAVEN, MS 39601",NA,NA
"931 HERMAN ALFORD MEMORIAL HWY, PHILADELPHIA, MS 39350",NA,NA
"601 EXPRESSWAY DR, HORN LAKE, MS 38637",34.9598171,-90.0021375
"601 EXPRESSWAY DR -, HORN LAKE, MS 38637",34.9598171,-90.0021375
"3037 ELLISVILLE BLVD, LAUREL, MS 39440",31.6577935,-89.1660913
"3719 INDUSTRIAL RD, PASCAGOULA, MS 39581",30.3775509,-88.500858
"105F SCR 25, TAYLORSVILLE, MS 39168",NA,NA
"4594 CAYCE RD, BYHALIA, MS 38611",NA,NA
"1731 SUNSET RD, COLLINS, MS 39428",31.6579502,-89.5853713
"3531 PORT & HARBOR DR, BAY SAINT LOUIS, MS 39520",NA,NA
"120 RICHARDSON DR, JACKSON, MS 39209",32.3557997,-90.2565649
"26 COUNTY ROAD 351 -, IUKA, MS 38852",NA,NA
"26 COUNTY ROAD 351, IUKA, MS 38852",NA,NA
"1 WAREHOUSE DR, LAUREL, MS 39440",31.6640455,-89.1663396
"1062 JESSIE HALL RD, FERNWOOD, MS 39635",NA,NA
"1111 NORTH FIR AVE, COLLINS, MS 39428",31.6469927,-89.5636123
"19148 HIGHWAY 51N, HAZLEHURST, MS 39083",NA,NA
"2535 SANDERSON DR, LAUREL, MS 39440",31.6676368,-89.1630796
"28163 HWY 28E, HAZLEHURST, MS 39083",NA,NA
"3976 HWY 49, COLLINS, MS 39428",NA,NA
"4039 RIVER RIDGE RD, SUMMIT, MS 39666",NA,NA
"4418 MANGUM DR, FLOWOOD, MS 39232",NA,NA
"118 COUNTY RD 183, TUPELO, MS 38804",NA,NA
"1001 SCHULZ BLVD, ROBINSONVILLE, MS 38664",NA,NA
"1001 SCHULZ BLVD -, ROBINSONVILLE, MS 38664",NA,NA
"942 N BROADWAY, GREENVILLE, MS 38701",33.4236857,-91.0484485
"942 N BROADWAY -, GREENVILLE, MS 38701",33.4236857,-91.0484485
"412 MISSISSIPPI HWY 7, GREENWOOD, MS 38930",NA,NA
"412 MISSISSIPPI HWY 7 -, GREENWOOD, MS 38930",NA,NA
"12481 GLASCOCK DR, GULFPORT, MS 39503",30.4280756,-89.0513655
"402 OAK ST, SHUQUALAK, MS 39361",32.9809697,-88.5660915
"444 HWY 49 S, RICHLAND, MS 39218",32.186531,-90.137996
"2628 ERICKSON RD, YAZOO CITY, MS 39194",NA,NA
"2628 ERICKSON RD -, YAZOO CITY, MS 39194",NA,NA
"77 COUNTY RD 351, IUKA, MS 38852",NA,NA
"36 COUNTY ROAD 166, OXFORD, MS 38655",NA,NA
"12251 SEAWAY ROAD, GULFPORT, MS 39503",30.4336516,-89.0418679
"61 COUNTY ROAD 520, SHANNON, MS 38868",NA,NA
"61 COUNTY ROAD 520 -, SHANNON, MS 38868",NA,NA
"240 PCA RD HWY 12 W, ACKERMAN, MS 39735",NA,NA
"240 PCA RD HWY 12 W -, ACKERMAN, MS 39735",NA,NA
"1010 WILE RD, MERIDIAN, MS 39301",NA,NA
"329 MOSELLE-SEMINARY RD, MOSELLE, MS 39459",NA,NA
"329 MOSELLE-SEMINARY RD -, MOSELLE, MS 39459",NA,NA
"103 AIRPORT RD, STARKVILLE, MS 39759",33.445347,-88.8453097
"1945 AIRPORT RD, COLUMBUS, MS 39701",NA,NA
"1945 AIRPORT RD -, COLUMBUS, MS 39701",NA,NA
"576 CHURCH RD, MADISON, MS 39110",32.5304354,-90.0830113
"6210 ST LOUIS ST, MERIDIAN, MS 39307",NA,NA
"6215 ST LOUIS ST, MERIDIAN, MS 39307",NA,NA
"11751 HWY 45, MACON, MS 39341",33.0894044,-88.5501786
"11751 HWY 45 -, MACON, MS 39341",33.0894044,-88.5501786
"2785 MCCRACKEN RD, HERNANDO, MS 38632",34.8196764,-89.9751953
"2785 MCCRACKEN ROAD, HERNANDO, MS 38632",34.8196764,-89.9751953
"2730 HWY 145 S, SALTILLO, MS 38866",NA,NA
"1900 34TH ST, GULFPORT, MS 39501",30.3925196,-89.0847998
"1900 34TH ST -, GULFPORT, MS 39501",30.3925196,-89.0847998
"3690 N CHURCH AVE, LOUISVILLE, MS 39339",33.1390598,-89.0679309
"650 N CHURCH AVE, LOUISVILLE, MS 39339",33.1442006,-89.0755588
"120 AZTEC DR, RICHLAND, MS 39218",32.2217354,-90.1631292
"120 AZTEC DR -, RICHLAND, MS 39218",32.2217354,-90.1631292
"1804 S GREEN ST, TUPELO, MS 38804",34.224778,-88.720012
"2205 MARTIN LUTHER KING DR, CLARKSDALE, MS 38614",NA,NA
"550 GULF LINE RD, PEARL, MS 39208",32.2876562,-90.1239657
"550 GULF LINE RD -, PEARL, MS 39208",32.2876562,-90.1239657
"723 E 21ST ST, LAUREL, MS 39440",31.7150523,-89.1189799
"1964 MURFF DR, GRENADA, MS 38901",33.7090816,-89.7676888
"1964 MURFF DR -, GRENADA, MS 38901",33.7090816,-89.7676888
"16-4 IND US TRIAL RD HWY 25, BELMONT, MS 38827",NA,NA
"1425 HWY 25 N, TISHOMINGO, MS 38873",NA,NA
"1425 HWY 25 N -, TISHOMINGO, MS 38873",NA,NA
"440 CHURCH RD, MADISON, MS 39110",32.5315275,-90.0980028
"6305 ST LOUIS STREET, MERIDIAN, MS 39307",NA,NA
"6305 ST LOUIS STREET -, MERIDIAN, MS 39307",NA,NA
"1 TB WAY, MANTACHIE, MS 38855",NA,NA
"1200 MAGNOLIA WAY, BLUE SPRINGS, MS 38828",NA,NA
"1200 MAGNOLIA WAY -, BLUE SPRINGS, MS 38828",NA,NA
"100 VALLEY DR, PEARL, MS 39208",32.2757154,-90.0637334
"2050 FOREST AVE., JACKSON, MS 39213",32.370654,-90.2078516
"103 TRI-STATE RD, LUCEDALE, MS 39452",NA,NA
"103 TRI-STATE RD -, LUCEDALE, MS 39452",NA,NA
"10270 HIGHWAY 178, OLIVE BRANCH, MS 38654",34.944268,-89.8075766
"40034 TRONOX RD, HAMILTON, MS 39746",NA,NA
"40036 TRONOX RD, HAMILTON, MS 397460180",NA,NA
"HWY 25, AMORY, MS 38821",33.9560594,-88.4965462
"501 GOVAN ST E, GRENADA, MS 38901",33.772069,-89.8005141
"BURROWS DR, PICKENS, MS 39146",32.8913347,-89.969717
"1785 INTERPLEX DR, VICKSBURG, MS 39183",NA,NA
"11634 HWY 80 W, FOREST, MS 39074",NA,NA
"3865 HWY 35N, CARTHAGE, MS 39051",NA,NA
"3865 HWY 35N -, CARTHAGE, MS 39051",NA,NA
"855 INDUSTRIAL PARK DR SE, MAGEE, MS 39111",NA,NA
"1300 RD 2219, UNION, MS 39365",NA,NA
"1225 JACK LEE DR, FOREST, MS 39074",32.3598526,-89.4904528
"1225 JACK LEE DR -, FOREST, MS 39074",32.3598526,-89.4904528
"508 L. STREET, BLDG 4705, BILOXI, MS 39534",NA,NA
"255 ROSENBAUM AVE, MERIDIAN, MS 39309",NA,NA
"16410 HIGHWAY 67, BILOXI, MS 39532",30.4849905,-88.953338
"2510 PENSACOLA ROAD, ACKERMAN, MS 39735",NA,NA
"255 LONE OAK ROAD, STEENS, MS 39766",NA,NA
"352 HWY 4 W, ASHLAND, MS 38603",NA,NA
"1055 MENDALL DAVIS DR, JACKSON, MS 39212",NA,NA
"1055 MENDELL DAVIS DR, BYRAM, MS 39272",NA,NA
"10011 LORRAINE RD, GULFPORT, MS 39503",30.4280747,-89.0321846
"3152 JAMES H. BIDDY RD, GRENADA, MS 38901",33.6972216,-89.712034
"BUILDING 2990, CAMP SHELBY, MS 39407",NA,NA
"BUILDING 6678, CAMP SHELBY, MS 39407",NA,NA
"4715 HEWES AVENUE, GULFPORT, MS 39507",30.4059296,-89.0612631
"UPPER GAINESVILLE BLVD, STENNIS SPACE CENTER, MS 39529",NA,NA
"UPPER GAINESVILLE ROAD, STENNIS SPACE CENTER, MS 39529",NA,NA
"2882 STATELINE RD W, SOUTHAVEN, MS 38671",34.9918687,-90.0422909
"457 J.M. TATUM INDUSTRIAL DR, HATTIESBURG, MS 39401",31.2664127,-89.272116
"850 N BROADWAY, GREENVILLE, MS 38701",33.4221966,-91.0493134
"617 YORKVILLE PARK SQ, COLUMBUS, MS 39702",33.4794723,-88.3816453
"338 HIGHWAY 72, BURNSVILLE, MS 38833",NA,NA
"5601 VIKING RD, GREENWOOD, MS 38930",NA,NA
"7801 TRINITY DR, ESCATAWPA, MS 39568",30.4568602,-88.5566384
"98 PEARCE RD -, MOUNT OLIVE, MS 39119",31.751456,-89.658738
"2050 BAILEY ROAD, GEORGETOWN, MS 39078",NA,NA
"100 STATE PARK ROAD, NATCHEZ, MS 39120",NA,NA
"100 STATE PARK ROAD -, NATCHEZ, MS 39120",NA,NA
"1000 W MAIN ST, LOUISVILLE, MS 39339",33.1234589,-89.05333
"431 PORT TERMINAL CIR, VICKSBURG, MS 39183",32.3912851,-90.8872392
"630 HWY 80 E, JACKSON, MS 39208",NA,NA
"12202 SHRINERS BLVD, BILOXI, MS 39532",30.4628412,-88.9699577
"751 COUNTY RD 989 BLDG 1010, IUKA, MS 38852",NA,NA
"631 HAWKES RD -, LAUREL, MS 39443",31.7291217,-89.1028497
"525 WAYNE DRIVE -, LAUREL, MS 39440",NA,NA
"289 S PONTOTOC RD, BRUCE, MS 38915",NA,NA
"1016 WEYERHAE US ER RD, PHILADELPHIA, MS 39350",NA,NA
"2056 JESSE HALL RD, MAGNOLIA, MS 39652",31.1676408,-90.4628793
"1160 S CHURCH AVE, LOUISVILLE, MS 39339",33.1050103,-89.057686
"966 SAWMILL LN NE, BROOKHAVEN, MS 39601",31.594137,-90.4264816
"151 L E BARRY RD, NATCHEZ, MS 39120",NA,NA
"9 COUNTY ROAD 370, IUKA, MS 38852",NA,NA
"1 YOKOHAMA BOULEVARD, WEST POINT, MS 39773",NA,NA
"4219 JEFFERSON AVE, MOSS POINT, MS 39563",30.389629,-88.539058
"4219 JEFFERSON AVENUE, MOSS POINT, MS 39563",30.389629,-88.539058
"1301 W 7TH ST, HATTIESBURG, MS 39401",31.3356232,-89.3138592
